{
  "B0": {
    "count": 9720,
    "diverged": 0,
    "rmse": 0.11972842217848835,
    "effort": 48.23072151960551,
    "smoothness": 17.193265631126756,
    "recovery_time": 2.871002057613198,
    "tags": {
      "OK": 3240,
      "NO_GAIN": 0,
      "CHATTER": 6480,
      "DRIFT": 0,
      "DIVERGENCE": 0,
      "DELAY_SENSITIVE": 0,
      "NOISE_SENSITIVE": 0
    }
  },
  "B1": {
    "count": 9720,
    "diverged": 0,
    "rmse": 0.11679899774235744,
    "effort": 58.511832463092816,
    "smoothness": 17.562357440183863,
    "recovery_time": 2.8710000000000293,
    "tags": {
      "OK": 2885,
      "NO_GAIN": 1005,
      "CHATTER": 5830,
      "DRIFT": 0,
      "DIVERGENCE": 0,
      "DELAY_SENSITIVE": 0,
      "NOISE_SENSITIVE": 0
    }
  },
  "B2": {
    "count": 9720,
    "diverged": 0,
    "rmse": 0.11972842217848835,
    "effort": 48.23072151960551,
    "smoothness": 17.193265631126756,
    "recovery_time": 2.871002057613198,
    "tags": {
      "OK": 3240,
      "NO_GAIN": 0,
      "CHATTER": 6480,
      "DRIFT": 0,
      "DIVERGENCE": 0,
      "DELAY_SENSITIVE": 0,
      "NOISE_SENSITIVE": 0
    }
  },
  "B3": {
    "count": 9720,
    "diverged": 0,
    "rmse": 0.11978497313653999,
    "effort": 49.0349120716088,
    "smoothness": 19.058842573860613,
    "recovery_time": 2.8710000000000293,
    "tags": {
      "OK": 1176,
      "NO_GAIN": 0,
      "CHATTER": 8544,
      "DRIFT": 0,
      "DIVERGENCE": 0,
      "DELAY_SENSITIVE": 0,
      "NOISE_SENSITIVE": 0
    }
  },
  "B1_vs_B0": {
    "rmse_diff_mean": -0.002929424436132066,
    "rmse_diff_ci": [
      -0.0029669550215111287,
      -0.002891000536050374
    ]
  },
  "adaptation_test": {
    "summary": {
      "B0": {
        "rmse": 0.1471873735895685,
        "recovery_time_after_step": 0.2231111111111112,
        "steady_state_error": 0.007769269971513573,
        "effort": 227.30785606486012,
        "smoothness": 9.843048542629022,
        "res_mean": 0.0,
        "res_p50": 0.0,
        "res_p90": 0.0,
        "corr_res_dist": NaN,
        "corr_b": NaN,
        "c_relerr": NaN
      },
      "B1": {
        "rmse": 0.12002416459011435,
        "recovery_time_after_step": 0.0,
        "steady_state_error": 0.01683415137901455,
        "effort": 232.8503025990781,
        "smoothness": 10.283791609404691,
        "res_mean": 1.3102796644665131,
        "res_p50": 1.790081776991586,
        "res_p90": 2.0309703848206335,
        "corr_res_dist": 0.7408545806170141,
        "corr_b": 0.6253994776922276,
        "c_relerr": 1.7477542024534536
      },
      "B2": {
        "rmse": 0.1471873735895685,
        "recovery_time_after_step": 0.2231111111111112,
        "steady_state_error": 0.007769269971513573,
        "effort": 227.30785606486012,
        "smoothness": 9.843048542629022,
        "res_mean": 0.0,
        "res_p50": 0.0,
        "res_p90": 0.0,
        "corr_res_dist": NaN,
        "corr_b": NaN,
        "c_relerr": NaN
      },
      "B3": {
        "rmse": 0.1471652676402819,
        "recovery_time_after_step": 0.22522222222222227,
        "steady_state_error": 0.008204566249162265,
        "effort": 228.0613775352008,
        "smoothness": 11.371633964280042,
        "res_mean": 0.1593808991679918,
        "res_p50": 0.13587418931343478,
        "res_p90": 0.32775878539946035,
        "corr_res_dist": -0.0027473289603603345,
        "corr_b": NaN,
        "c_relerr": NaN
      },
      "rep_hf_ratio": 0.0007236245516714405,
      "rep_r2": 0.7464435697417573
    },
    "diffs": {
      "rmse": {
        "mean": -0.027163208999454146,
        "ci95": [
          -0.02946293566972534,
          -0.024624495378019487
        ]
      },
      "recovery_time_after_step": {
        "mean": -0.2231111111111112,
        "ci95": [
          -0.23591666666666677,
          -0.20713888888888915
        ]
      },
      "steady_state_error": {
        "mean": 0.009064881407500976,
        "ci95": [
          0.008347664321534881,
          0.009729134375752777
        ]
      },
      "effort": {
        "mean": 5.542446534217934,
        "ci95": [
          4.554070413198045,
          6.497625439930241
        ]
      },
      "smoothness": {
        "mean": 0.4407430667756815,
        "ci95": [
          0.42678415818424636,
          0.4536241607528047
        ]
      }
    }
  },
  "stress_test": {
    "B0": {
      "diverged": false,
      "rmse": 0.06132939062653478,
      "effort": 165.04406884172315,
      "smoothness": 181.22044682994758,
      "recovery_time": 3.73,
      "tag": "CHATTER"
    },
    "B1": {
      "diverged": false,
      "rmse": 0.061473349098698046,
      "effort": 173.99776487853765,
      "smoothness": 182.2213468131308,
      "recovery_time": 3.73,
      "tag": "CHATTER"
    }
  },
  "aggressive_stress": {
    "B0": {
      "diverged": false,
      "rmse": 0.14516851646267434,
      "effort": 733.5304327153644,
      "smoothness": 181.76609492760255
    },
    "B1": {
      "diverged": false,
      "rmse": 0.1448698358291126,
      "effort": 733.0935113502176,
      "smoothness": 181.76578950794544
    }
  }
}