{
  "B0": {
    "count": 9720,
    "diverged": 0,
    "rmse": 0.11972842217848835,
    "effort": 48.23072151960551,
    "smoothness": 17.193265631126756,
    "recovery_time": 2.871002057613198,
    "tags": {
      "OK": 3240,
      "NO_GAIN": 0,
      "CHATTER": 6480,
      "DRIFT": 0,
      "DIVERGENCE": 0,
      "DELAY_SENSITIVE": 0,
      "NOISE_SENSITIVE": 0
    }
  },
  "B1": {
    "count": 9720,
    "diverged": 0,
    "rmse": 0.11769941552709573,
    "effort": 54.40787243677539,
    "smoothness": 17.324105157348402,
    "recovery_time": 2.8710000000000293,
    "tags": {
      "OK": 2649,
      "NO_GAIN": 1711,
      "CHATTER": 5360,
      "DRIFT": 0,
      "DIVERGENCE": 0,
      "DELAY_SENSITIVE": 0,
      "NOISE_SENSITIVE": 0
    }
  },
  "B2": {
    "count": 9720,
    "diverged": 0,
    "rmse": 0.11972842217848835,
    "effort": 48.23072151960551,
    "smoothness": 17.193265631126756,
    "recovery_time": 2.871002057613198,
    "tags": {
      "OK": 3240,
      "NO_GAIN": 0,
      "CHATTER": 6480,
      "DRIFT": 0,
      "DIVERGENCE": 0,
      "DELAY_SENSITIVE": 0,
      "NOISE_SENSITIVE": 0
    }
  },
  "B3": {
    "count": 9720,
    "diverged": 0,
    "rmse": 0.11978389145216115,
    "effort": 48.95376456256532,
    "smoothness": 18.78604280885497,
    "recovery_time": 2.8710000000000293,
    "tags": {
      "OK": 2783,
      "NO_GAIN": 0,
      "CHATTER": 6937,
      "DRIFT": 0,
      "DIVERGENCE": 0,
      "DELAY_SENSITIVE": 0,
      "NOISE_SENSITIVE": 0
    }
  },
  "B1_vs_B0": {
    "rmse_diff_mean": -0.0020290066513938445,
    "rmse_diff_ci": [
      -0.00206478350626457,
      -0.00199051898194455
    ]
  },
  "adaptation_test": {
    "summary": {
      "B0": {
        "rmse": 0.1471873735895685,
        "recovery_time_after_step": 0.2545555555555557,
        "steady_state_error": 0.007769269971513573,
        "effort": 227.30785606486012,
        "smoothness": 9.843048542629022,
        "res_mean": 0.0,
        "res_p50": 0.0,
        "res_p90": 0.0,
        "corr_res_dist": NaN,
        "corr_b": NaN,
        "c_relerr": NaN
      },
      "B1": {
        "rmse": 0.13122626526497763,
        "recovery_time_after_step": 0.44616666666666643,
        "steady_state_error": 0.01685142436850697,
        "effort": 220.2147034634814,
        "smoothness": 9.900889496274381,
        "res_mean": 0.9729516994774512,
        "res_p50": 0.8089963505438129,
        "res_p90": 2.003996210157925,
        "corr_res_dist": 0.6910359942404808,
        "corr_b": 0.7508839626293942,
        "c_relerr": 3.9941893574733123
      },
      "B2": {
        "rmse": 0.1471873735895685,
        "recovery_time_after_step": 0.2545555555555557,
        "steady_state_error": 0.007769269971513573,
        "effort": 227.30785606486012,
        "smoothness": 9.843048542629022,
        "res_mean": 0.0,
        "res_p50": 0.0,
        "res_p90": 0.0,
        "corr_res_dist": NaN,
        "corr_b": NaN,
        "c_relerr": NaN
      },
      "B3": {
        "rmse": 0.14716313073508572,
        "recovery_time_after_step": 0.2580555555555556,
        "steady_state_error": 0.008256038548764477,
        "effort": 228.03225775252469,
        "smoothness": 11.14072042680225,
        "res_mean": 0.15238620821061,
        "res_p50": 0.13210987332135182,
        "res_p90": 0.3101112527025106,
        "corr_res_dist": -0.0030624258250643477,
        "corr_b": NaN,
        "c_relerr": NaN
      },
      "rep_hf_ratio": 5.353700739820737e-05,
      "rep_r2": 0.5047661430914807
    },
    "diffs": {
      "rmse": {
        "mean": -0.015961108324590953,
        "ci95": [
          -0.0173433428000041,
          -0.014421680973597032
        ]
      },
      "recovery_time_after_step": {
        "mean": 0.19161111111111104,
        "ci95": [
          0.16299999999999987,
          0.2207499999999998
        ]
      },
      "steady_state_error": {
        "mean": 0.0090821543969934,
        "ci95": [
          0.008363648993924505,
          0.009745720369880563
        ]
      },
      "effort": {
        "mean": -7.09315260137885,
        "ci95": [
          -7.860383787559685,
          -6.397463338402897
        ]
      },
      "smoothness": {
        "mean": 0.05784095364536081,
        "ci95": [
          0.05311703018816565,
          0.06302037851627089
        ]
      }
    }
  },
  "stress_test": {
    "B0": {
      "diverged": false,
      "rmse": 0.06132939062653478,
      "effort": 165.04406884172315,
      "smoothness": 181.22044682994758,
      "recovery_time": 3.73,
      "tag": "CHATTER"
    },
    "B1": {
      "diverged": false,
      "rmse": 0.06173969597934748,
      "effort": 170.7725284804177,
      "smoothness": 181.98477322641645,
      "recovery_time": 3.73,
      "tag": "CHATTER"
    }
  },
  "aggressive_stress": {
    "B0": {
      "diverged": false,
      "rmse": 0.14516851646267434,
      "effort": 733.5304327153644,
      "smoothness": 181.76609492760255
    },
    "B1": {
      "diverged": false,
      "rmse": 0.1448698358291126,
      "effort": 733.0935113502176,
      "smoothness": 181.76578950794544
    }
  }
}