{
  "B0": {
    "count": 9720,
    "diverged": 0,
    "rmse": 0.11972842217848835,
    "effort": 48.23072151960551,
    "smoothness": 17.193265631126756,
    "recovery_time": 2.871002057613198,
    "tags": {
      "OK": 3240,
      "NO_GAIN": 0,
      "CHATTER": 6480,
      "DRIFT": 0,
      "DIVERGENCE": 0,
      "DELAY_SENSITIVE": 0,
      "NOISE_SENSITIVE": 0
    }
  },
  "B1": {
    "count": 9720,
    "diverged": 0,
    "rmse": 0.11977502970444193,
    "effort": 48.1322284295017,
    "smoothness": 17.193125389202212,
    "recovery_time": 2.8710000000000293,
    "tags": {
      "OK": 479,
      "NO_GAIN": 8250,
      "CHATTER": 991,
      "DRIFT": 0,
      "DIVERGENCE": 0,
      "DELAY_SENSITIVE": 0,
      "NOISE_SENSITIVE": 0
    }
  },
  "B2": {
    "count": 9720,
    "diverged": 0,
    "rmse": 0.11972842217848835,
    "effort": 48.23072151960551,
    "smoothness": 17.193265631126756,
    "recovery_time": 2.871002057613198,
    "tags": {
      "OK": 3240,
      "NO_GAIN": 0,
      "CHATTER": 6480,
      "DRIFT": 0,
      "DIVERGENCE": 0,
      "DELAY_SENSITIVE": 0,
      "NOISE_SENSITIVE": 0
    }
  },
  "B3": {
    "count": 9720,
    "diverged": 0,
    "rmse": 0.11978497313653999,
    "effort": 49.0349120716088,
    "smoothness": 19.058842573860613,
    "recovery_time": 2.8710000000000293,
    "tags": {
      "OK": 1176,
      "NO_GAIN": 0,
      "CHATTER": 8544,
      "DRIFT": 0,
      "DIVERGENCE": 0,
      "DELAY_SENSITIVE": 0,
      "NOISE_SENSITIVE": 0
    }
  },
  "B1_vs_B0": {
    "rmse_diff_mean": 4.6607525952587536e-05,
    "rmse_diff_ci": [
      4.573054085296982e-05,
      4.75269128883802e-05
    ]
  },
  "adaptation_test": {
    "summary": {
      "B0": {
        "rmse": 0.14820353217619514,
        "recovery_time_after_step": 0.2231111111111112,
        "steady_state_error": 0.007769269971513774,
        "effort": 93.19861430233321,
        "smoothness": 8.549465033223958,
        "res_mean": 0.0,
        "res_p50": 0.0,
        "res_p90": 0.0,
        "corr_res_dist": NaN
      },
      "B1": {
        "rmse": 0.14818100228463144,
        "recovery_time_after_step": 0.22816666666666674,
        "steady_state_error": 0.00802346228097239,
        "effort": 93.09321574458853,
        "smoothness": 8.549383591622389,
        "res_mean": 0.07001221523394935,
        "res_p50": 0.057461624977493804,
        "res_p90": 0.13747967291347046,
        "corr_res_dist": 0.010295831971274986
      },
      "B2": {
        "rmse": 0.14820353217619514,
        "recovery_time_after_step": 0.2231111111111112,
        "steady_state_error": 0.007769269971513774,
        "effort": 93.19861430233321,
        "smoothness": 8.549465033223958,
        "res_mean": 0.0,
        "res_p50": 0.0,
        "res_p90": 0.0,
        "corr_res_dist": NaN
      },
      "B3": {
        "rmse": 0.14817355740061414,
        "recovery_time_after_step": 0.22513888888888892,
        "steady_state_error": 0.008204566249162454,
        "effort": 93.99695321429657,
        "smoothness": 10.064750983057909,
        "res_mean": 0.1593808991679918,
        "res_p50": 0.13587418931343478,
        "res_p90": 0.32775878539946035,
        "corr_res_dist": -0.0026943171143483935
      },
      "rep_hf_ratio": 7.867267153440547e-06
    },
    "diffs": {
      "rmse": {
        "mean": -2.2529891563650212e-05,
        "ci95": [
          -2.4070678257544992e-05,
          -2.0859783631954158e-05
        ]
      },
      "recovery_time_after_step": {
        "mean": 0.005055555555555555,
        "ci95": [
          0.004361111111111115,
          0.005694444444444447
        ]
      },
      "steady_state_error": {
        "mean": 0.000254192309458624,
        "ci95": [
          0.0001987191551005065,
          0.00030445082034328717
        ]
      },
      "effort": {
        "mean": -0.10539855774465284,
        "ci95": [
          -0.11096305762532555,
          -0.09988341916852943
        ]
      },
      "smoothness": {
        "mean": -8.144160157824093e-05,
        "ci95": [
          -9.290556474808772e-05,
          -6.989379124159436e-05
        ]
      }
    }
  },
  "stress_test": {
    "B0": {
      "diverged": false,
      "rmse": 0.06132939062653478,
      "effort": 165.04406884172315,
      "smoothness": 181.22044682994758,
      "recovery_time": 3.73,
      "tag": "CHATTER"
    },
    "B1": {
      "diverged": false,
      "rmse": 0.06144596121670669,
      "effort": 164.7399069450484,
      "smoothness": 181.22024022403465,
      "recovery_time": 3.73,
      "tag": "CHATTER"
    }
  },
  "aggressive_stress": {
    "B0": {
      "diverged": false,
      "rmse": 0.14516851646267434,
      "effort": 733.5304327153644,
      "smoothness": 181.76609492760255
    },
    "B1": {
      "diverged": false,
      "rmse": 0.1448698358291126,
      "effort": 733.0935113502176,
      "smoothness": 181.76578950794544
    }
  }
}