{
  "B0": {
    "count": 3240,
    "diverged": 0,
    "rmse": 0.11731383051133115,
    "effort": 50.51840041214277,
    "smoothness": 17.22428962968413,
    "recovery_time": 2.871006172839503,
    "tags": {
      "OK": 1080,
      "NO_GAIN": 0,
      "CHATTER": 2160,
      "DRIFT": 0,
      "DIVERGENCE": 0,
      "DELAY_SENSITIVE": 0,
      "NOISE_SENSITIVE": 0
    }
  },
  "B1": {
    "count": 3240,
    "diverged": 0,
    "rmse": 0.11750832386577718,
    "effort": 50.75328178182408,
    "smoothness": 17.299796398971807,
    "recovery_time": 2.87100308641975,
    "tags": {
      "OK": 360,
      "NO_GAIN": 2160,
      "CHATTER": 720,
      "DRIFT": 0,
      "DIVERGENCE": 0,
      "DELAY_SENSITIVE": 0,
      "NOISE_SENSITIVE": 0
    }
  },
  "B2": {
    "count": 3240,
    "diverged": 0,
    "rmse": 0.11731383051133115,
    "effort": 50.51840041214277,
    "smoothness": 17.22428962968413,
    "recovery_time": 2.871006172839503,
    "tags": {
      "OK": 1080,
      "NO_GAIN": 0,
      "CHATTER": 2160,
      "DRIFT": 0,
      "DIVERGENCE": 0,
      "DELAY_SENSITIVE": 0,
      "NOISE_SENSITIVE": 0
    }
  },
  "B3": {
    "count": 3240,
    "diverged": 0,
    "rmse": 0.11732758687714086,
    "effort": 50.48363249728583,
    "smoothness": 17.533730158973736,
    "recovery_time": 2.870999999999997,
    "tags": {
      "OK": 1080,
      "NO_GAIN": 0,
      "CHATTER": 2160,
      "DRIFT": 0,
      "DIVERGENCE": 0,
      "DELAY_SENSITIVE": 0,
      "NOISE_SENSITIVE": 0
    }
  },
  "B1_vs_B0": {
    "rmse_diff_mean": 0.00019449335444622618,
    "rmse_diff_ci": [
      0.00018671428719269816,
      0.0002021441967625234
    ]
  },
  "adaptation_test": {
    "summary": {
      "B0": {
        "rmse": 0.12438039038650162,
        "recovery_time_after_step": 0.08125,
        "steady_state_error": 0.004668104950410699,
        "effort": 50.16021519055946,
        "smoothness": 8.541992420406764,
        "res_mean": 0.0,
        "res_p50": 0.0,
        "res_p90": 0.0,
        "corr_res_dist": NaN
      },
      "B1": {
        "rmse": 0.12438226823654493,
        "recovery_time_after_step": 0.08125,
        "steady_state_error": 0.004667899301014798,
        "effort": 50.15525202291115,
        "smoothness": 8.542634390918824,
        "res_mean": 0.0009238001247632523,
        "res_p50": 3.66621978648113e-05,
        "res_p90": 0.00039648555215864397,
        "corr_res_dist": -0.11249527466872737
      },
      "B2": {
        "rmse": 0.12438039038650162,
        "recovery_time_after_step": 0.08125,
        "steady_state_error": 0.004668104950410699,
        "effort": 50.16021519055946,
        "smoothness": 8.541992420406764,
        "res_mean": 0.0,
        "res_p50": 0.0,
        "res_p90": 0.0,
        "corr_res_dist": NaN
      },
      "B3": {
        "rmse": 0.12436957750206334,
        "recovery_time_after_step": 0.08525,
        "steady_state_error": 0.004985946732315646,
        "effort": 50.21529939263295,
        "smoothness": 8.711863431081433,
        "res_mean": 0.013672943295671338,
        "res_p50": 0.0022348410791453426,
        "res_p90": 0.014725111657812966,
        "corr_res_dist": -0.001299955774019514
      }
    },
    "diffs": {
      "rmse": {
        "mean": 1.8778500432900525e-06,
        "ci95": [
          1.5457566477646012e-06,
          2.219461423213359e-06
        ]
      },
      "recovery_time_after_step": {
        "mean": 0.0,
        "ci95": [
          0.0,
          0.0
        ]
      },
      "steady_state_error": {
        "mean": -2.0564939590024532e-07,
        "ci95": [
          -4.1641082828437066e-07,
          -1.8965313174253152e-08
        ]
      },
      "effort": {
        "mean": -0.004963167648305955,
        "ci95": [
          -0.005329412166238967,
          -0.004553746429371586
        ]
      },
      "smoothness": {
        "mean": 0.0006419705120588759,
        "ci95": [
          0.0005540406505192052,
          0.000724608745113553
        ]
      }
    }
  },
  "stress_test": {
    "B0": {
      "diverged": false,
      "rmse": 0.06132939062653478,
      "effort": 165.04406884172315,
      "smoothness": 181.22044682994758,
      "recovery_time": 3.73,
      "tag": "CHATTER"
    },
    "B1": {
      "diverged": false,
      "rmse": 0.06128334468326363,
      "effort": 165.11753487983424,
      "smoothness": 181.6816875692834,
      "recovery_time": 3.73,
      "tag": "CHATTER"
    }
  }
}