{
  "B0": {
    "count": 9720,
    "diverged": 0,
    "rmse": 0.11972842217848835,
    "effort": 48.23072151960551,
    "smoothness": 17.193265631126756,
    "recovery_time": 2.871002057613198,
    "tags": {
      "OK": 3240,
      "NO_GAIN": 0,
      "CHATTER": 6480,
      "DRIFT": 0,
      "DIVERGENCE": 0,
      "DELAY_SENSITIVE": 0,
      "NOISE_SENSITIVE": 0
    }
  },
  "B1": {
    "count": 9720,
    "diverged": 0,
    "rmse": 0.11984319423618808,
    "effort": 48.02147606640521,
    "smoothness": 17.193048930236422,
    "recovery_time": 2.8710000000000293,
    "tags": {
      "OK": 340,
      "NO_GAIN": 8644,
      "CHATTER": 736,
      "DRIFT": 0,
      "DIVERGENCE": 0,
      "DELAY_SENSITIVE": 0,
      "NOISE_SENSITIVE": 0
    }
  },
  "B2": {
    "count": 9720,
    "diverged": 0,
    "rmse": 0.11972842217848835,
    "effort": 48.23072151960551,
    "smoothness": 17.193265631126756,
    "recovery_time": 2.871002057613198,
    "tags": {
      "OK": 3240,
      "NO_GAIN": 0,
      "CHATTER": 6480,
      "DRIFT": 0,
      "DIVERGENCE": 0,
      "DELAY_SENSITIVE": 0,
      "NOISE_SENSITIVE": 0
    }
  },
  "B3": {
    "count": 9720,
    "diverged": 0,
    "rmse": 0.11978497313653999,
    "effort": 49.0349120716088,
    "smoothness": 19.058842573860613,
    "recovery_time": 2.8710000000000293,
    "tags": {
      "OK": 1176,
      "NO_GAIN": 0,
      "CHATTER": 8544,
      "DRIFT": 0,
      "DIVERGENCE": 0,
      "DELAY_SENSITIVE": 0,
      "NOISE_SENSITIVE": 0
    }
  },
  "B1_vs_B0": {
    "rmse_diff_mean": 0.00011477205769900728,
    "rmse_diff_ci": [
      0.00011275382997791995,
      0.00011686071076210388
    ]
  },
  "adaptation_test": {
    "summary": {
      "B0": {
        "rmse": 0.14820353217619514,
        "recovery_time_after_step": 0.2231111111111112,
        "steady_state_error": 0.007769269971513774,
        "effort": 93.19861430233321,
        "smoothness": 8.549465033223958,
        "res_mean": 0.0,
        "res_p50": 0.0,
        "res_p90": 0.0,
        "corr_res_dist": NaN,
        "corr_b": NaN,
        "c_relerr": NaN
      },
      "B1": {
        "rmse": 0.14811088710305664,
        "recovery_time_after_step": 0.2276666666666668,
        "steady_state_error": 0.009960675746131258,
        "effort": 92.98102222109159,
        "smoothness": 8.549337314298343,
        "res_mean": 0.1577690639192691,
        "res_p50": 0.1288965328763049,
        "res_p90": 0.28769572779440605,
        "corr_res_dist": 0.08645237374267485,
        "corr_b": 0.1696650384093594,
        "c_relerr": 1.0
      },
      "B2": {
        "rmse": 0.14820353217619514,
        "recovery_time_after_step": 0.2231111111111112,
        "steady_state_error": 0.007769269971513774,
        "effort": 93.19861430233321,
        "smoothness": 8.549465033223958,
        "res_mean": 0.0,
        "res_p50": 0.0,
        "res_p90": 0.0,
        "corr_res_dist": NaN,
        "corr_b": NaN,
        "c_relerr": NaN
      },
      "B3": {
        "rmse": 0.14817355740061414,
        "recovery_time_after_step": 0.22513888888888892,
        "steady_state_error": 0.008204566249162454,
        "effort": 93.99695321429657,
        "smoothness": 10.064750983057909,
        "res_mean": 0.1593808991679918,
        "res_p50": 0.13587418931343478,
        "res_p90": 0.32775878539946035,
        "corr_res_dist": -0.0026943171143483935,
        "corr_b": NaN,
        "c_relerr": NaN
      },
      "rep_hf_ratio": 2.0441186571301333e-05
    },
    "diffs": {
      "rmse": {
        "mean": -9.264507313840212e-05,
        "ci95": [
          -0.00010167820514093969,
          -8.111185542896608e-05
        ]
      },
      "recovery_time_after_step": {
        "mean": 0.0045555555555555636,
        "ci95": [
          0.0033611111111111185,
          0.0058888888888888975
        ]
      },
      "steady_state_error": {
        "mean": 0.0021914057746174925,
        "ci95": [
          0.0020200980702043594,
          0.0023541183167294297
        ]
      },
      "effort": {
        "mean": -0.21759208124159324,
        "ci95": [
          -0.22872868802163898,
          -0.20653552061007924
        ]
      },
      "smoothness": {
        "mean": -0.00012771892561710038,
        "ci95": [
          -0.0001515028910600316,
          -0.00010296999094659359
        ]
      }
    }
  },
  "stress_test": {
    "B0": {
      "diverged": false,
      "rmse": 0.06132939062653478,
      "effort": 165.04406884172315,
      "smoothness": 181.22044682994758,
      "recovery_time": 3.73,
      "tag": "CHATTER"
    },
    "B1": {
      "diverged": false,
      "rmse": 0.06175316945169897,
      "effort": 164.40945574079834,
      "smoothness": 181.22007387619672,
      "recovery_time": 3.73,
      "tag": "CHATTER"
    }
  },
  "aggressive_stress": {
    "B0": {
      "diverged": false,
      "rmse": 0.14516851646267434,
      "effort": 733.5304327153644,
      "smoothness": 181.76609492760255
    },
    "B1": {
      "diverged": false,
      "rmse": 0.1448698358291126,
      "effort": 733.0935113502176,
      "smoothness": 181.76578950794544
    }
  }
}